{"cameraMode":{"drawMode":0,"name":"Shaded","section":"Shading Mode"},"sceneLighting":false,"audioPlay":false,"sceneViewState":{"showFog":true,"showMaterialUpdate":false,"showSkybox":false,"showFlares":true,"showImageEffects":true,"showParticleSystems":true},"in2DMode":false,"pivot":{"x":5.208171367645264,"y":0.9346005916595459,"z":0.3001689016819},"rotation":{"x":-0.005101444665342569,"y":-0.994897723197937,"z":0.06665555387735367,"w":-0.07596054673194885},"size":0.90739506483078,"orthographic":false}