{"cameraMode":{"drawMode":0,"name":"Shaded","section":"Shading Mode"},"sceneLighting":false,"audioPlay":false,"sceneViewState":{"showFog":true,"showMaterialUpdate":false,"showSkybox":false,"showFlares":true,"showImageEffects":true,"showParticleSystems":true},"in2DMode":false,"pivot":{"x":-58.751182556152347,"y":0.9381901025772095,"z":-8.467082023620606},"rotation":{"x":-0.041103340685367587,"y":-0.8966902494430542,"z":0.08527977764606476,"w":-0.4324803352355957},"size":1.0852113962173463,"orthographic":false}