{"cameraMode":{"drawMode":0,"name":"Shaded","section":"Shading Mode"},"sceneLighting":false,"audioPlay":false,"sceneViewState":{"showFog":true,"showMaterialUpdate":false,"showSkybox":false,"showFlares":true,"showImageEffects":true,"showParticleSystems":true},"in2DMode":false,"pivot":{"x":-5.547718524932861,"y":0.9586693644523621,"z":16.678457260131837},"rotation":{"x":-0.0984216034412384,"y":-0.6123058795928955,"z":0.07717946171760559,"w":-0.7807027697563171},"size":1.6832441091537476,"orthographic":false}