{"cameraMode":{"drawMode":0,"name":"Shaded","section":"Shading Mode"},"sceneLighting":false,"audioPlay":false,"sceneViewState":{"showFog":true,"showMaterialUpdate":false,"showSkybox":false,"showFlares":true,"showImageEffects":true,"showParticleSystems":true},"in2DMode":false,"pivot":{"x":-12.745685577392579,"y":0.9186693429946899,"z":1.2553167343139649},"rotation":{"x":-0.42012545466423037,"y":-0.5156782865524292,"z":0.32145076990127566,"w":-0.6740139126777649},"size":1.6832436323165894,"orthographic":false}