{"cameraMode":{"drawMode":0,"name":"Shaded","section":"Shading Mode"},"sceneLighting":false,"audioPlay":false,"sceneViewState":{"showFog":true,"showMaterialUpdate":false,"showSkybox":false,"showFlares":true,"showImageEffects":true,"showParticleSystems":true},"in2DMode":false,"pivot":{"x":-2.069715976715088,"y":-0.19399523735046388,"z":5.29676628112793},"rotation":{"x":-0.16527000069618226,"y":-0.6169371604919434,"z":0.13463224470615388,"w":-0.7576338648796082},"size":2.6785807609558107,"orthographic":false}