{"cameraMode":{"drawMode":0,"name":"Shaded","section":"Shading Mode"},"sceneLighting":false,"audioPlay":false,"sceneViewState":{"showFog":true,"showMaterialUpdate":false,"showSkybox":false,"showFlares":true,"showImageEffects":true,"showParticleSystems":true},"in2DMode":false,"pivot":{"x":3.154007911682129,"y":0.892425537109375,"z":-1.361025333404541},"rotation":{"x":-0.00022899359464645386,"y":-0.9998153448104858,"z":-0.014099418185651303,"w":0.015295884571969509},"size":0.90739506483078,"orthographic":false}